CREATE TABLE buildings (id INTEGER PRIMARY KEY, zone TEXT, p_lat NUMERIC, p_lon NUMERIC, number NUMERIC, label TEXT, keywords TEXT);
INSERT INTO buildings VALUES(1,'43.6347268 3.8618914,43.6341287 3.862224,43.6335399 3.8625487,43.633592 3.8627132,43.6347768 3.8620598',43.63418,3.862315,1,'','');
INSERT INTO buildings VALUES(2,'43.6345899 3.861431,43.6345745 3.8613791,43.6339685 3.8617090000000003,43.6333944 3.8620242000000005,43.6334108 3.8620852',43.634056,3.861779,2,'','');
INSERT INTO buildings VALUES(3,'43.6344884 3.8610896,43.63331 3.8617355,43.6333249 3.8617899,43.6338996 3.8614814,43.6345045 3.8611437',43.633885,3.861328,3,'','');
INSERT INTO buildings VALUES(4,'43.634345 3.8606073,43.6342926 3.860431,43.6334881 3.8608735,43.633218 3.8610257,43.6331129 3.8610833,43.6331651 3.8612601,43.6337197 3.8609513',43.633722,3.860834,4,'','');
INSERT INTO buildings VALUES(5,'43.6329344 3.8614443,43.6329542 3.8614338000000004,43.632918100000005 3.8613101000000003,43.6328978 3.8613215000000003,43.632803200000005 3.8609966000000004,43.6326808 3.8610659000000003,43.6327754 3.8613890000000004,43.632755700000004 3.8614004000000004,43.6327912 3.8615231000000003,43.6328115 3.8615117000000003,43.6329889 3.8621174000000003,43.632968600000005 3.8621288000000003,43.6330052 3.8622542,43.633024400000004 3.8622437,43.6331196 3.8625632000000003,43.6332024 3.8628466,43.6332018 3.8628475000000004,43.633182600000005 3.8628607,43.6332181 3.8629835000000003,43.633239 3.8629712,43.6333342 3.8632943,43.633456 3.8632268,43.633360800000005 3.8629028,43.633362000000005 3.8629019,43.6333817 3.8628914,43.633345600000006 3.862766,43.6333253 3.8627783000000004,43.633147900000004 3.8621744000000002,43.6331676 3.8621612,43.633131000000006 3.8620385,43.6331113 3.8620499',43.633093,3.862165,5,'','');
INSERT INTO buildings VALUES(6,'43.632933400000006 3.8640042,43.6329366 3.8640258000000003,43.633027000000006 3.8639767000000003,43.6330204 3.863945,43.6332529 3.8638172,43.633204500000005 3.8636485,43.632969900000006 3.8637781,43.6329648 3.8637472,43.632873100000005 3.8637938000000003,43.632882200000005 3.8638232,43.6324398 3.8640675000000004,43.6324338 3.8640450000000004,43.6323428 3.8640952000000004,43.632352000000004 3.8641225,43.6321135 3.8642541,43.6321637 3.8644220000000002,43.6323984 3.8642939000000003,43.6324064 3.8643194000000003,43.6324975 3.8642695000000002,43.632492600000006 3.8642437000000003',43.63262,3.863999,6,'','');
INSERT INTO buildings VALUES(7,'43.6318636 3.8631036,43.6316957 3.8631962000000004,43.631303900000006 3.8634121,43.6314453 3.8638968,43.631778700000005 3.8637127,43.6318849 3.8636540000000004,43.6318866 3.8636558,43.6320044 3.8635892000000003',43.631579,3.863517,7,'Administration','administration/administratif');
INSERT INTO buildings VALUES(8,'43.6317449 3.8646505,43.631581000000004 3.8640802,43.631212000000005 3.8642668000000002,43.6312195 3.8642916,43.6311204 3.8643500000000004,43.6312809 3.8649012000000003,43.631359100000005 3.8648549,43.6313769 3.8648418,43.631417400000004 3.864838',43.631447,3.864439,8,'Bibliothèque Universitaire','bu/bibliothèque/universitaire');
INSERT INTO buildings VALUES(9,'43.630956100000006 3.8657540000000004,43.631032100000006 3.8660158000000004,43.6311273 3.8663416,43.6312433 3.8662767000000002,43.6311454 3.8659383000000003,43.631073900000004 3.8656883000000004',43.631121,3.865995,9,'','');
INSERT INTO buildings VALUES(10,'43.6315186 3.8656847,43.631430200000004 3.8653841000000004,43.631275900000006 3.8654691000000003,43.631369500000005 3.8657842000000002,43.631501300000004 3.8662273000000003,43.631652100000004 3.8661423000000004',43.631478,3.86578,10,'','');
INSERT INTO buildings VALUES(11,'43.631856000000006 3.865365,43.631826200000006 3.8652612000000004,43.631690500000005 3.8653366000000005,43.6317327 3.8654828,43.6318684 3.8659476,43.632003600000004 3.8658722',43.631874,3.865619,11,'','');
INSERT INTO buildings VALUES(12,'43.6324236 3.8663882,43.6325698 3.8663067,43.6321737 3.8649699,43.6320288 3.8650469',43.632348,3.865684,12,'','');
INSERT INTO buildings VALUES(13,'43.6325582 3.8648621,43.6324364 3.8649314,43.6325423 3.8652825,43.6328022 3.8661428,43.6329182 3.8660779,43.6326844 3.865289',43.63269,3.865491,13,'','');
INSERT INTO buildings VALUES(14,'43.6329017 3.8651127,43.6331581 3.8659765,43.633299 3.8658976,43.6329047 3.86456,43.632762 3.8646406,43.6329017 3.8651127',43.633062,3.865298,14,'','');
INSERT INTO buildings VALUES(15,'43.6335362 3.8657292,43.6336523 3.8656598,43.6332894 3.8644475,43.6331727 3.8645178,43.6335362 3.8657292',43.633412,3.865062,15,'','');
INSERT INTO buildings VALUES(16,'43.6338912 3.8655652,43.6340333 3.8654854,43.6336385 3.8641468,43.6334958 3.8642275,43.6338912 3.8655652',43.633792,3.864901,16,'','');
INSERT INTO buildings VALUES(17,'43.634391 3.8668035,43.6341303 3.8659279,43.6340248 3.8659884,43.6342825 3.8668685',43.63418,3.866413,17,'','');
INSERT INTO buildings VALUES(18,'43.6338656 3.8669867,43.634013 3.866898,43.6337365 3.8659512,43.6335834 3.866038',43.633746,3.866671,18,'','');
INSERT INTO buildings VALUES(19,'43.6344312 3.8670857,43.6343783 3.8669007,43.6342792 3.8669549,43.6336991 3.8672838,43.633756 3.8674689',43.634056,3.867272,19,'','');
INSERT INTO buildings VALUES(20,'43.6334499 3.8663391,43.6333958 3.8661478,43.6325514 3.8666167,43.6326066 3.8668054,43.6334499 3.8663391',43.632969,3.866553,20,'','');
INSERT INTO buildings VALUES(21,'43.6335001 3.8668006,43.6334528 3.866631,43.6328142 3.866994,43.6328643 3.8671601',43.633109,3.867046,21,'','');
INSERT INTO buildings VALUES(22,'43.632527700000004 3.8676890000000004,43.632097900000005 3.8662313000000004,43.631973200000004 3.8663024000000004,43.632372000000004 3.8676509,43.632378800000005 3.8676734,43.632409200000005 3.8677772000000004,43.6325264 3.8677124000000003,43.6325201 3.867697',43.632278,3.867046,22,'','');
INSERT INTO buildings VALUES(23,'43.6320422 3.8680543,43.6321936 3.8679711,43.6317238 3.8663771,43.6315707 3.8664648',43.631905,3.867229,23,'','');
INSERT INTO buildings VALUES(24,'43.6313978 3.8672496,43.6316755 3.8681883000000004,43.6317898 3.8681217,43.6313589 3.866655,43.631241700000004 3.8667225000000003,43.6312597 3.8667848,43.6312603 3.8667866',43.631525,3.867443,24,'','');
INSERT INTO buildings VALUES(25,'43.6311709 3.8673945,43.6311419 3.8674103,43.6310288 3.8674725,43.6313205 3.8684644,43.6314627 3.8683828,43.6311996 3.8674929',43.631245,3.867937,25,'','');
INSERT INTO buildings VALUES(26,'43.6307936 3.8676036,43.6306533 3.8676816,43.6306955 3.8678251,43.6309456 3.8686772,43.6310871 3.8685965,43.6308122 3.8676659',43.630896,3.868162,26,'','');
INSERT INTO buildings VALUES(27,'43.6300417 3.8676132,43.6300417 3.8676123000000002,43.6298745 3.8678041000000003,43.630014300000006 3.8680380000000003,43.630181500000006 3.8678462000000002',43.63001,3.86784,27,'','');
INSERT INTO buildings VALUES(28,'43.630501 3.8684494000000003,43.630460500000005 3.8683104000000004,43.630251 3.8684296000000002,43.630292700000005 3.8685686,43.630293300000005 3.8685677000000003,43.630310800000004 3.8686255000000003,43.630158200000004 3.8687123000000003,43.6301842 3.8687954,43.630357000000004 3.8686990000000003,43.6303895 3.8686806000000002,43.630346100000004 3.8685379',43.63036,3.86842,28,'','');
INSERT INTO buildings VALUES(29,'43.632592300000006 3.861714,43.632576 3.8616562,43.6325754 3.8616508,43.6325761 3.8616436000000003,43.6325779 3.8616266,43.632577000000005 3.8616005,43.6325731 3.8615735000000004,43.632569200000006 3.8615554000000003,43.6325628 3.861559,43.6325578 3.8615427,43.632562400000005 3.8615392,43.632563000000005 3.8615365,43.632561300000006 3.8615302000000002,43.632553400000006 3.8615112000000003,43.632536800000004 3.8614840000000004,43.6325185 3.8614622,43.632501600000005 3.8614017,43.632274300000006 3.861527,43.6322929 3.8615911,43.6323352 3.8615683,43.6323549 3.8616360000000003,43.6323719 3.8616039000000004,43.63237 3.8616218000000004,43.6323711 3.8616371000000003,43.632373300000005 3.8616497,43.6323784 3.8616642000000003,43.6323858 3.8616787,43.6323932 3.8616878000000003,43.632401800000004 3.8616960000000002,43.6324035 3.8616969,43.6323919 3.8617048,43.632378 3.8617127000000004,43.6323893 3.8617524000000003,43.6323475 3.8617752000000003,43.632366700000006 3.8618393',43.632426,3.861661,29,'IAE','iae/institut/administration/entreprises');
INSERT INTO buildings VALUES(30,'43.632144200000006 3.8639430000000003,43.6321755 3.8639390000000002,43.632167100000004 3.8638157000000004,43.6321099 3.8638230000000005,43.6320496 3.8636172,43.6319656 3.8636619000000003,43.6320168 3.8638396000000004,43.632046300000006 3.8638365,43.632049200000004 3.8638704,43.6320502 3.8639039000000004,43.632054600000004 3.8639516,43.6320494 3.8639525000000003,43.6320939 3.8641068,43.6321786 3.8640604',43.632123,3.863871,30,'Scolarité','scolarite/fds/faculte/sciences');
INSERT INTO buildings VALUES(31,'43.6327323 3.8622089,43.632738700000004 3.8622054,43.632682900000006 3.8620159000000003,43.6326133 3.8620544000000003,43.6325641 3.8620663000000004,43.6325743 3.8621042,43.6325043 3.8621194,43.6325401 3.8621954,43.6325621 3.8621822000000003,43.6326078 3.8623393,43.6326173 3.8623718,43.6326213 3.8623699,43.632635900000004 3.862363,43.6326659 3.862464,43.6326759 3.8624975000000004,43.632697300000004 3.8625688,43.632682200000005 3.8625767000000004,43.6326625 3.8625863000000003,43.632643200000004 3.8625456000000002,43.6326252 3.8625579,43.6326124 3.8625712,43.6326095 3.8625667000000004,43.6325955 3.8625818,43.6325809 3.8626031000000003,43.6325675 3.862629,43.632558 3.8626523,43.6325632 3.8626541000000003,43.6325615 3.8626595000000004,43.6325555 3.8626783000000002,43.632549600000004 3.8627052,43.6325732 3.8627163,43.6325864 3.8627237,43.6325876 3.862721,43.632656000000004 3.8627579,43.6326917 3.8627773000000003,43.632699300000006 3.8627702000000004,43.6327447 3.8628697,43.632736 3.8628768000000004,43.6328048 3.8630252,43.632813500000005 3.8630172000000003,43.6328584 3.8631140000000004,43.632857800000004 3.8631239,43.6328611 3.8631365000000004,43.632864500000004 3.8631447000000003,43.6328697 3.8631537000000002,43.6328788 3.8631619,43.6328886 3.8631675000000003,43.6328973 3.8631712,43.63291 3.8631714,43.6329239 3.8631653000000004,43.632929700000005 3.8631591000000003,43.6329355 3.8631493000000003,43.6329385 3.8631403000000004,43.6329403 3.8631287000000003,43.6329404 3.8631206000000002,43.632939300000004 3.8631116000000003,43.632937600000005 3.8631052,43.6329348 3.8631007000000004,43.6329446 3.8630964000000003,43.6330006 3.8631007000000004,43.632906500000004 3.8627803000000003,43.6329112 3.8627777,43.6328667 3.8626279,43.6328684 3.8626261000000004,43.632864700000006 3.8625811000000003,43.632859200000006 3.8625451,43.6328502 3.8625081000000003,43.6328395 3.8624711,43.6328254 3.8624340000000004,43.6328157 3.8624141,43.632796000000006 3.8624264000000004','','',31,'Polytech','polytech/ingenieurs/ecole');
INSERT INTO buildings VALUES(32,'43.6320324 3.8609291000000003,43.6320403 3.8609535000000004,43.6320509 3.8609312000000005,43.632162300000005 3.8608564000000003,43.6321414 3.8607931000000004,43.632142200000004 3.8607689,43.632170300000006 3.8607109000000004,43.632068200000006 3.8606141000000003,43.6320597 3.8605916000000002,43.632049200000004 3.8606121000000004,43.6319377 3.8606860000000003,43.631960400000004 3.8607501,43.6319584 3.8607762,43.6319303 3.8608324',43.632061,3.860813,34,'Maison des étudiants','maison/etudiants/mde');
INSERT INTO buildings VALUES(33,'43.6312232 3.8605626,43.6312716 3.8605492,43.6313066 3.8605305,43.6313089 3.8605285,43.6313505 3.8604951,43.6313889 3.8604492,43.6314056 3.8604214,43.6314321 3.8603618,43.6314503 3.8602967,43.6314241 3.8602848,43.6314314 3.8602203,43.6314292 3.8601538,43.631418 3.8600892,43.6314155 3.8600797,43.6314061 3.8600539,43.6313948 3.8600224,43.631366 3.8599721,43.6313561 3.8599589,43.6313193 3.8599202,43.631318 3.8599188,43.6312749 3.8598898,43.6312703 3.8598876,43.6312233 3.8598733,43.6311752 3.8598721,43.6311709 3.8598327,43.631157 3.8598351,43.6311076 3.859852,43.6310908 3.8598614,43.6310787 3.8598682,43.6310726 3.8598733,43.6310342 3.8599045,43.6310313 3.8599076,43.6309955 3.8599522,43.6309667 3.8600054,43.6309664 3.8600062,43.630953 3.860041,43.6309365 3.8601048,43.630936 3.8601062,43.6309283 3.8601748,43.6309298 3.860244,43.6309312 3.8602576,43.6309443 3.8603241,43.630965 3.8603839,43.6309658 3.8603861,43.6309955 3.8604413,43.6310047 3.8604553,43.6310148 3.860467,43.631042 3.8604991,43.6310847 3.8605324,43.6311072 3.8605442,43.6311581 3.8605608,43.6311738 3.8605634,43.6312144 3.8605629',43.631214,3.860169,'','Restaurant Universitaire du Triolet','resto/restaurant/universitaire/ru/triolet');
CREATE TABLE rooms (id INTEGER PRIMARY KEY, p_lat NUMERIC, p_lon NUMERIC, building_id NUMERIC, floor NUMERIC, type NUMERIC, label TEXT);
INSERT INTO rooms VALUES(1,'','',5,1,0,'A.5.01');
INSERT INTO rooms VALUES(2,'','',5,1,0,'A.5.02');
INSERT INTO rooms VALUES(3,'','',5,1,0,'A.5.03');
INSERT INTO rooms VALUES(4,'','',5,1,0,'A.5.04');
INSERT INTO rooms VALUES(5,'','',5,1,0,'A.5.05');
INSERT INTO rooms VALUES(6,'','',5,1,0,'A.5.06');
INSERT INTO rooms VALUES(7,'','',6,1,0,'A.6.01');
INSERT INTO rooms VALUES(8,'','',6,1,0,'A.6.02');
INSERT INTO rooms VALUES(9,'','',6,1,0,'A.6.03');
INSERT INTO rooms VALUES(10,'','',6,1,0,'A.6.04');
INSERT INTO rooms VALUES(11,'','',7,0,0,'Dumontet');
INSERT INTO rooms VALUES(12,'','',11,0,0,'Minéralogie');
INSERT INTO rooms VALUES(13,'','',1,0,2,'SC.1.01');
INSERT INTO rooms VALUES(14,'','',10,0,2,'SC.10.01');
INSERT INTO rooms VALUES(15,'','',12,0,2,'SC.12.01');
INSERT INTO rooms VALUES(16,'','',16,0,2,'SC.16.01');
INSERT INTO rooms VALUES(17,'','',20,0,2,'SC.20.01');
INSERT INTO rooms VALUES(18,'','',20,0,2,'SC.20.02');
INSERT INTO rooms VALUES(19,'','',23,0,2,'SC.23.01');
INSERT INTO rooms VALUES(20,'','',25,0,2,'SC.25.01');
INSERT INTO rooms VALUES(21,'','',1,0,1,'TD.1.01');
INSERT INTO rooms VALUES(22,'','',1,0,1,'TD.1.02');
INSERT INTO rooms VALUES(23,'','',2,0,1,'TD.2.01');
INSERT INTO rooms VALUES(24,'','',2,0,1,'TD.2.02');
INSERT INTO rooms VALUES(25,'','',2,0,1,'TD.2.03');
INSERT INTO rooms VALUES(26,'','',2,0,1,'TD.2.04');
INSERT INTO rooms VALUES(27,'','',2,0,1,'TD.2.05');
INSERT INTO rooms VALUES(28,'','',2,0,1,'TD.2.06');
INSERT INTO rooms VALUES(29,'','',2,0,1,'TD.2.07');
INSERT INTO rooms VALUES(30,'','',2,0,1,'TD.2.09');
INSERT INTO rooms VALUES(31,'','',2,0,1,'TD.2.11');
INSERT INTO rooms VALUES(32,'','',4,0,1,'TD.4.01');
INSERT INTO rooms VALUES(33,'','',4,0,1,'TD.4.02');
INSERT INTO rooms VALUES(34,'','',4,0,1,'TD.4.04');
INSERT INTO rooms VALUES(35,'','',5,0,1,'TD.5.01');
INSERT INTO rooms VALUES(36,'','',5,0,1,'TD.5.02');
INSERT INTO rooms VALUES(37,'','',5,0,1,'TD.5.03');
INSERT INTO rooms VALUES(38,'','',5,0,1,'TD.5.04');
INSERT INTO rooms VALUES(39,'','',5,0,1,'TD.5.05');
INSERT INTO rooms VALUES(40,'','',5,0,1,'TD.5.06');
INSERT INTO rooms VALUES(41,'','',5,0,1,'TD.5.07');
INSERT INTO rooms VALUES(42,'','',5,0,1,'TD.5.08');
INSERT INTO rooms VALUES(43,'','',5,0,1,'TD.5.09');
INSERT INTO rooms VALUES(44,'','',5,0,1,'TD.5.10');
INSERT INTO rooms VALUES(45,'','',5,0,1,'TD.5.11');
INSERT INTO rooms VALUES(46,'','',5,0,1,'TD.5.12');
INSERT INTO rooms VALUES(47,'','',5,1,1,'TD.5.13');
INSERT INTO rooms VALUES(48,'','',5,1,1,'TD.5.14');
INSERT INTO rooms VALUES(49,'','',5,1,1,'TD.5.17');
INSERT INTO rooms VALUES(50,'','',5,1,1,'TD.5.18');
INSERT INTO rooms VALUES(51,'','',5,1,1,'TD.5.19');
INSERT INTO rooms VALUES(52,'','',5,1,1,'TD.5.20');
INSERT INTO rooms VALUES(53,'','',5,1,1,'TD.5.21');
INSERT INTO rooms VALUES(54,'','',5,1,1,'TD.5.22');
INSERT INTO rooms VALUES(55,'','',5,1,1,'TD.5.23');
INSERT INTO rooms VALUES(56,'','',5,1,1,'TD.5.24');
INSERT INTO rooms VALUES(57,'','',6,0,1,'TD.6.01');
INSERT INTO rooms VALUES(58,'','',6,0,1,'TD.6.02');
INSERT INTO rooms VALUES(59,'','',6,0,1,'TD.6.03');
INSERT INTO rooms VALUES(60,'','',6,0,1,'TD.6.04');
INSERT INTO rooms VALUES(61,'','',6,0,1,'TD.6.05');
INSERT INTO rooms VALUES(62,'','',6,0,1,'TD.6.06');
INSERT INTO rooms VALUES(63,'','',6,0,1,'TD.6.07');
INSERT INTO rooms VALUES(64,'','',6,0,1,'TD.6.08');
INSERT INTO rooms VALUES(65,'','',6,0,1,'TD.6.09');
INSERT INTO rooms VALUES(66,'','',6,1,1,'TD.6.10');
INSERT INTO rooms VALUES(67,'','',6,1,1,'TD.6.11');
INSERT INTO rooms VALUES(68,'','',6,1,1,'TD.6.12');
INSERT INTO rooms VALUES(69,'','',6,1,1,'TD.6.13');
INSERT INTO rooms VALUES(70,'','',6,1,1,'TD.6.14');
INSERT INTO rooms VALUES(71,'','',6,1,1,'TD.6.15');
INSERT INTO rooms VALUES(72,'','',6,1,1,'TD.6.16');
INSERT INTO rooms VALUES(73,'','',6,1,1,'TD.6.17');
INSERT INTO rooms VALUES(74,'','',12,0,1,'TD.12.02');
INSERT INTO rooms VALUES(75,'','',16,0,1,'TD.16.01');
INSERT INTO rooms VALUES(76,'','',18,0,1,'TD.16.02');
INSERT INTO rooms VALUES(77,'','',18,0,1,'TD.18.02');
INSERT INTO rooms VALUES(78,'','',20,0,1,'TD.20.02');
INSERT INTO rooms VALUES(79,'','',20,0,1,'TD.20.04');
INSERT INTO rooms VALUES(80,'','',25,0,1,'TD.25.02');
INSERT INTO rooms VALUES(81,'','',25,0,1,'TD.25.04');
CREATE TABLE services (id INTEGER PRIMARY KEY, p_lat NUMERIC, p_lon NUMERIC, description TEXT, building_id NUMERIC, floor NUMERIC);
INSERT INTO services VALUES(1,'','','TP Mécanique',1,'');
INSERT INTO services VALUES(2,'','','TP EEA',1,'');
INSERT INTO services VALUES(3,'','','TP Biochimie-Physiologie',1,'');
INSERT INTO services VALUES(4,'','','Secrétariat du département Mécanique',1,0);
INSERT INTO services VALUES(5,'','','TP Physique',2,'');
INSERT INTO services VALUES(6,'','','Service Commun d''Action Sociale (SCAS)',2,'');
INSERT INTO services VALUES(7,'','','TP Chimie',3,'');
INSERT INTO services VALUES(8,'','','TP du département Biologie- Ecologie-Environnement',4,'');
INSERT INTO services VALUES(9,43.632876,3.861403,'Secrétariat du Département des Langues',5,'');
INSERT INTO services VALUES(10,43.632876,3.861403,'Laboratoire des langues',5,'');
INSERT INTO services VALUES(11,43.633326,3.863034,'Cafétaria',5,'');
INSERT INTO services VALUES(12,43.632806,3.861199,'SUAPS',5,'');
INSERT INTO services VALUES(13,43.632255,3.864257,'Centre de Formation par apprentissage',5,'');
INSERT INTO services VALUES(14,43.632255,3.864257,'Direction Faculté des Sciences',6,'');
INSERT INTO services VALUES(15,43.632255,3.864257,'Planning + objets trouvés',6,'');
INSERT INTO services VALUES(16,43.632255,3.864257,'Relations Internationales',6,'');
INSERT INTO services VALUES(17,43.632255,3.864257,'Conventions de stages',6,'');
INSERT INTO services VALUES(18,43.632255,3.864257,'Service relations aux Entreprises (SIPEF)',6,'');
INSERT INTO services VALUES(19,'','','Bibliothèque Universitaire des sciences',8,'');
INSERT INTO services VALUES(20,'','','CASSIOPEE',8,'');
INSERT INTO services VALUES(21,'','','Secrétariat Département DEScire',9,'');
INSERT INTO services VALUES(22,'','','Secrétariat département Mathématique',9,2);
INSERT INTO services VALUES(23,'','','Bibliothèque Mathématiques',9,'');
INSERT INTO services VALUES(24,43.631548,3.866027,'Direction des Services Informatiques (DSI)',10,'');
INSERT INTO services VALUES(25,'','','TP de Physique',12,'');
INSERT INTO services VALUES(26,'','','TP EEA',12,'');
INSERT INTO services VALUES(27,'','','Secrétariat département EEA ',13,0);
INSERT INTO services VALUES(28,'','','Bureau Faculté des Sciences (FdS)',13,0);
INSERT INTO services VALUES(29,'','','Salle de réunion Faculté des Sciences (FdS)',13,0);
INSERT INTO services VALUES(30,'','','Secrétariat département Physique',13,1);
INSERT INTO services VALUES(31,'','','TP Automatique, Electrotechnique (département EEA)',14,'');
INSERT INTO services VALUES(32,'','','TP CAPES Physique-Chimie',16,'');
INSERT INTO services VALUES(33,'','','TP de Chimie',16,'');
INSERT INTO services VALUES(34,'','','Secrétariat département Informatique',16,'');
INSERT INTO services VALUES(35,'','','TP de Chimie',19,'');
INSERT INTO services VALUES(36,'','','Secrétariat département Chimie ',19,0);
INSERT INTO services VALUES(37,'','','Pile à combustible (Département Chimie)',19,'');
INSERT INTO services VALUES(38,'','','CAPES Physique-Chimie (partie Physique)',20,'');
INSERT INTO services VALUES(39,'','','Médecine préventive (SCOOPS)',20,'');
INSERT INTO services VALUES(40,'','','Cellule handicap',20,'');
INSERT INTO services VALUES(41,'','','Infirmerie',20,'');
INSERT INTO services VALUES(42,'','','Secrétariat département Biologie-Ecologie',22,2);
INSERT INTO services VALUES(43,'','','Secrétariat département DESTEEM',22,1);
INSERT INTO services VALUES(44,'','','TP du département DESTEEM',23,'');
INSERT INTO services VALUES(45,'','','Secrétariat du département Biochimie-Physiologie',24,4);
INSERT INTO services VALUES(46,'','','TP de Physiologie végétale (département Biochimie-Physiologie)',25,'');
INSERT INTO services VALUES(47,'','','TP de Psychophysiologie (département Biochimie-Physiologie)',25,'');
INSERT INTO services VALUES(48,'','','TP de Physiologie Animale (département Biochimie-Physiologie)',26,'');
INSERT INTO services VALUES(49,'','','TP du département Biologie-Ecologie-Environnement',26,'');
INSERT INTO services VALUES(50,'','','TP de Microbiologie (département Biochimie-Physiologie)',26,'');
INSERT INTO services VALUES(51,'','','Bureaux de la direction de la Faculté des Sciences : direction centrale',30,'');
INSERT INTO services VALUES(52,'','','Scolarité et service examens : niveau Licence',30,'');
INSERT INTO services VALUES(53,'','','Scolarité et service examens : niveau Master',30,'');
INSERT INTO services VALUES(54,'','','Gestion des vacataires et agents non titulaires',30,'');
